base_link	base_drive	static	010f56e7ff005a270000000000001603	1
base_link	camera_link	static	010f56e7ff005a270000000000001603	1
base_link	imu_link	static	010f56e7ff005a270000000000001603	1
base_link	left_wheel	dynamic	010f56e7ff005a270000000000001503	4102
base_link	lidar_link	static	010f56e7ff005a270000000000001603	1
base_link	parcel_tray	static	010f56e7ff005a270000000000001603	1
base_link	rear_support	static	010f56e7ff005a270000000000001603	1
base_link	right_wheel	dynamic	010f56e7ff005a270000000000001503	4102
camera_link	camera_optical_frame	static	010f56e7ff005a270000000000001603	1
map	odom	dynamic	010f56e7020143e10000000000002703	5202
odom	base_link	dynamic	010f56e70001b4560000000000001503	4102
