base_link	base_drive	static	010f56e79600b13f0000000000001603	1
base_link	camera_link	static	010f56e79600b13f0000000000001603	1
base_link	imu_link	static	010f56e79600b13f0000000000001603	1
base_link	left_wheel	dynamic	010f56e79600b13f0000000000001503	1372
base_link	lidar_link	static	010f56e79600b13f0000000000001603	1
base_link	parcel_tray	static	010f56e79600b13f0000000000001603	1
base_link	rear_support	static	010f56e79600b13f0000000000001603	1
base_link	right_wheel	dynamic	010f56e79600b13f0000000000001503	1372
camera_link	camera_optical_frame	static	010f56e79600b13f0000000000001603	1
map	odom	dynamic	010f56e79d00b4290000000000002203	217
odom	base_link	dynamic	010f56e797008ddd0000000000001503	1371
